Title,Price,Image,description,links
One Of one IN Egypt   M 750Li ( G12 )-( xDrive ),"EGP 6,550,000",C:\Users\10\Documents\Python Scripts/allimag/image0.jpg,"-- One of one IN Germany  --
-- One Of one IN Egypt  --
- Special order Business package
 ( Executive lounge business )
- Special individual Customized 
•• ( 7-Series long individual customized ) ••

  M 750Li ( G12 )-( xDrive ) ( M Sports Package )

• • 2022 Used 300KM Only 
• Exterior color : BMW Individual///M-Mineral-Weiss Metallic
• Interior color : Excl. leather Indiv. full leather/Fiona-rot

- Performance Specs : 
• • Engine 4.4L V8, 530 hp 
• Torque 750 ( N. m )
• Beschleunigung ( 0-100 ) 4,1 s 
• Induction Turbocharged Fuel type Premium
•Transmission 8-speed automatic
• • Drivetrain - AWD ( XDrive ) 

- Editions And Packages :
M Sports Package (M-performance ) 
M Leather Steering Wheel
M Aerodynamics Package
M Rear Spoiler
Individual Option High-Gloss Shadow-Line
Innovation Package
19"" Light-Alloy Wheel Double ( M )
M SPORT BRAKE, HIGH-GLOSS
BMW INDIVIDUAL LIGHTS SHADOW LINE ( M ) 
- Comfort And Interior Equipment : 
Panorama Glass Roof, Sky Lounge
Roller Sun Visor, Rear Lateral
Sun Protection Glazing
Warning Triangle And First Aid Kit
Smoker Package
Climate-Controlled Seats, Front
Climate-Controlled Seats, Rear
Comfort Seat With Memory
Comfort Seat, Rear, Electr. Adjustable
Executive Lounge Seating
Executive Lounge Fondkonsole
Seat Heating, Front And Rear
Heat Comfort Package, Front
Autom. Climate Control With 4-Zone Ctrl
Ambient Air Paket
Massage Function In Rear Cabin
Massage Function F. Driver & Fr. Passenger
Ceramic Application, Control Elements
Ambient Interior Light

- Multimedia : 
Head-Up Display
CD Drive
DAB Tuner
Intelligent Emergency Call
Teleservices
Connected Drive Services
Connected Package Professional
BMW Drive Recorder
Bowers & Wilkins High End Sound System
Fond Entertainment Experience
Telephony With Wireless Charging
BMW Live Operating Area Professional
BMW Gesture Control
WLAN Hotspot
- Driver Assistance And Lightning : 
Kilometer Speedo
High-Beam Assistant
Driving Assistant Professional
BMW Laser light
Parking Assistance System Plus
Remote-Controlled Parking
High Gloss Shadow Line
Roofline Alcantara Anthracite

- Wheels And Drive : 
Extra Package, EU-Specific
yres With Run flat Properties
BMW Lt. -All. Whl. Starspk. 817M OG/GG/Runfl
Locking Wheel Bolt
Sport Automatic Gearbox
Tire Pressure Display
Integral Active Front Steering
Executive Drive Pro

- Environment And Safety : 
Alarm System
Integrated Universal Remote Control
Comfort Access
Soft-Close-Automatic Doors
Climate Comfort Laminated Glass
Climate Comfort Windscreen
BMW Display Key
",https://www.dubizzle.com.eg//en/ad/one-of-one-in-egypt-m-750li-g12-xdrive-ID201019891.html
Porsche Cayenne S 2024,"EGP 13,500,000",C:\Users\10\Documents\Python Scripts/allimag/image1.jpg,"Porsche Cayenne S
2024
Brand New
4.0L V8 TwinTurboCharged
Power: 470HP
Torque: 600NM
0. -100KM/H: 4.5 Sec
Transmission: 8-speed automatic transmission
Exterior: Crayon
Interior: Leather interior in two-tone combination, smooth-finish leather Black and Bordeaux Red
Wheels: 21-inch Cayenne Exclusive Design wheels in Neodyme
Sports seats front (8-way, electric) with integrated headrests
Three Memory Zone
Porsche Entry Keyless Entry
Sport Chrono Package with Porsche Design Subsecond Clock on the dashboard
Sports exhaust system including sports tailpipes in Silver 
Adaptive air suspension with levelling system and height adjustment incl. Porsche Active Suspension Management (PASM)
Night Vision Assist
Lane Change Assist
Surround View with Active Parking Support
Head-Up Display
Soft-close doors
Ambient lighting
Smoking package
Four-zone automatic climate control
Passenger Display
Roof spoiler painted in Black (high-gloss)
Panoramic Roof
Exclusive Design fuel filler cap
Exterior mirrors painted in Black (high-gloss)
Door release levers painted in Black (high-gloss)
Tinted HD-Matrix LED Headlights
BOSE® Surround Sound System
Android Auto and AppleCarPlay
‘PORSCHE’ logo LED door courtesy lights


Black edition car dealership 
العنوان : 2شارع لطيف منصور الماظة خلف مستشفي فلسطين
",https://www.dubizzle.com.eg//en/ad/porsche-cayenne-s-2024-ID200999259.html
Mercedes GLC 300 Coupe 2024,"EGP 2,580,000",C:\Users\10\Documents\Python Scripts/allimag/image2.jpg,"mercedes  GLC 300 Coupe 
2024
يوجد اقل مقدم واطول فتره سداد
بمقدم
2580000
للاستفسار برجاء الاتصال علي 01029400004
",https://www.dubizzle.com.eg//en/ad/mercedes-glc-300-coupe-2024-ID200052605.html
CLE 200 2024 night backage اعلي مواصفه,"EGP 5,350,000",C:\Users\10\Documents\Python Scripts/allimag/image3.jpg,"CLE 200 2024
نايت باكدج
فوانيس ديجتال
جنوط ٢٠
بصمه في الابواب
كاميرات ٣٦٠
بروجيكتور
سماعات بروميستر
كراسي كهرباء كامله
ميموري في الكراسي
تسخين في الكراسي
اضائه داخليه ٦٤لون

للتواصل 01143060153
",https://www.dubizzle.com.eg//en/ad/cle-200-2024-night-backage-%D8%A7%D8%B9%D9%84%D9%8A-%D9%85%D9%88%D8%A7%D8%B5%D9%81%D9%87-ID200874757.html
""" The only one IN Egypt ""
( M235i ) - 2024 
( Gran-Coupe ) 
( xDrive )","EGP 2,550,000",C:\Users\10\Documents\Python Scripts/allimag/image4.jpg,""" The only one IN Egypt ""
( M235i ) - 2024 
( Gran-Coupe ) 
( xDrive ) - M-performance 
2.0L - with “ Twin Turbo “ 
306 Hp - 450 Nm 
0-100 * 4.9 sec 
Alpine White/Metallic
interior - M-Performance Seats 
( Black /Magma Red ) 
- Used - 50 Km -
",https://www.dubizzle.com.eg//en/ad/the-only-one-in-egypt-m235i-2024-gran-coupe-xdrive-ID201012618.html
اوبل انسيجنيا ٢٠١٩,"EGP 1,800,000",C:\Users\10\Documents\Python Scripts/allimag/image5.jpg,"فابريكا بلكامل صيانات توكيل لا تحتاج مصاريف
",https://www.dubizzle.com.eg//en/ad/%D8%A7%D9%88%D8%A8%D9%84-%D8%A7%D9%86%D8%B3%D9%8A%D8%AC%D9%86%D9%8A%D8%A7-%D9%A2%D9%A0%D9%A1%D9%A9-ID201096810.html
Opel Grandland X 2018,"EGP 1,100,000",C:\Users\10\Documents\Python Scripts/allimag/image6.jpg,"أوبل جراند لاند ٢٠١٨ فابريكة
",https://www.dubizzle.com.eg//en/ad/opel-grandland-x-2018-ID201096679.html
fiat 500 2017,"EGP 755,000",C:\Users\10\Documents\Python Scripts/allimag/image7.jpg,"فيات ٥٠٠ 
موديل ٢٠١٧ 
مانويل 
١٢٠٠ سى سى
ماشية ٦٦ الف 
فابريكا بدون اى دهانات برة و جوة
عليها ورق حماية 3M 
شاشة اندرويد و شاشة الاصلى موجودة
صيانات توكيل بالفواتير 
و الجنوط الاصلى موجودة و سليمة
كواتيش حديث الانتاج
بطارية حديثة
معاينة أسكندرية
",https://www.dubizzle.com.eg//en/ad/fiat-500-2017-ID201096625.html
megan 4 2021 95000 km vision,"EGP 675,000",C:\Users\10\Documents\Python Scripts/allimag/image8.jpg,"ميجان ٢٠٢١ 
فابريكا عدا رفرف و كبوت تم تغيرهم في التوكيل فابريكا بالكامل ٩ صيانات في التوكيل بالفواتير و السعر نهائي فئه اولي
",https://www.dubizzle.com.eg//en/ad/megan-4-2021-95000-km-vision-ID201096410.html
Mercedes C180 Avant garde 2019,"EGP 2,650,000",C:\Users\10\Documents\Python Scripts/allimag/image9.jpg,"فيس ليفت C180
العربيه ماشيه 48000
فتحه سقف+ بانوراما
فبريكه بالكامل
صيانات توكيل
كاوتش جديد
Avant garde
مكان المعاينه حديقه الطفل مدينه نصر
",https://www.dubizzle.com.eg//en/ad/mercedes-c180-avant-garde-2019-ID201096347.html
2024 Mercedes Benz E300e AMG 4MATIC Alpine Grey X Black,"EGP 7,150,000",C:\Users\10\Documents\Python Scripts/allimag/image10.jpg,"2024 Mercedes Benz E300e AMG 4MATIC

Alpine Grey X Black

Brand New 

Mercedes-Benz Connect - Services for navigation Operating instructions and service booklet German Vehicle production location Sindelfingen Plant control code Plant control code HU country set for ECE (NTG7/NTG 20X) Fuel quantity for self-pickups Mercedes-Benz Connect - EV functions Smartphone integration package ME vehicle Apple Carplay smartphone integration Android Auto smartphone integration Communication module ECE version Leather Rear axle steering  Active Parking Assist Active Lane Keeping Assist (camera) Automatic dimming inside rearview mirror and outside mirrors Mb-Mobilo with DSB and GGD Rear sensors for Lane Keeping Assist. lines Digital LED headlamps, right-side traffic Control code  Type II-B Climatised front seats Automatic panoramic sliding sunroof 9-speed automatic transmission Projection function via headlamps - animation Heated steering wheel Instrument cluster display M Tire pressure monitor (TPM AIRMATIC DC / semi-active air suspension MBUX Entertainment incl. video streaming Cold end technology, type 1 Electrically folding exterior mirrors 360° camera, black fabric MBUX multimedia system premium + (Gen 20X) Digital Radio standard DAB (Digi. Audio Broadc. ) Attention Assist (fatigue detection) Speed/load index 99Y XL + 102Y XL Automatic speed control Trailer coupling Standard anti-theft alarm system (ATA) Trailer Assist Air-conditioning system Logo projection via mirror Automatic high beam control plus (IC+) Vehicle socket XEV Combo 2/Type 2 Ship's deck Norway maple MK wood alu lesene (2C63) Engine sound via speaker Safety vest - driver USB package AMG styling - Front spoiler, side skirts Pre-installation of Digital Radio standard DAB WIPPS countries WEU+COC Mode 2 cable sleeve, household Mode 3 cable sleeve Seat model variant 2 YoM X3/1 Premium sound system Multi-phase AC charging function (10 kW-11 kW) Glas dunkel getönt Acoustic glazing Front passenger display Switchable front passenger display Central display size L Sensor system for trunk lid opening/closing Left and right rear seat heating Heated windscreen washer system Connected Light ambient lighting Remote boot lid closing Sensor system and siren for anti-theft alarm system KEYLESS-GO Passive child recognition in locked vehicle Premium ambiance illumination Vehicle access and authorization via smartphone Front wireless telephone charging Control code for Sales Control code - GSR-ISA Seat comfort padding Exhaust treatment, Euro 6 technology Alpine gray
Charging cable Mode 3 (Type 2, 3X16A, 11 kW) 5M Standard power variant Fuel tank packages for Euro-6D standard Front axle brakes dimension 370×32 Charging cable Schuko CEE 7/7 (Type E/F) 4M/5M TIREFIT External noise sound generator for hybrids and EV PB400 battery (1P96S+) Model series 214
Rear axle Control service interval Active Lane Change Assist Extended restart in stop-and-go traffic Route-based speed adaptation Deactivation of locking feedback via horn Emergency corridor with driving over lane marking Emergency stop assistant with hands-off lane change Left-hand drive Supersport steering wheel - leather deep-embossed Body-in-white load stage 2 Vehicles with 4MATIC/all-wheel drive Derated engine Displacement 2.0 liter Inline 4-cylinder spark ignition engine M254 Hybrid vehicle (plug-in, PHEV) Plant control code KEYLESS-GO package Driving assistant package Plus Interior AMG Line / interior AMG sport package Exterior AMG Line / exterior AMG sport package Exclusive Package Light Package Parking Package High Night Package Anti-Theft Protection Package Plus Engineering package Display package High Winter package MBUX Navigation Premium Equipment Package - Wheel size 20"" mixed tires variant 1 AMG multi-spoke wheels 20"" ""mixed tires"" rear passenger compartment belt Illuminated door sill Floor mats - AMG Sport brake system Leather-clad instrument panel and beltline (imit. nappa) Pedestrian protection - Active hood Left front axle half Right front axle half

For more info Youssef 01005255546
",https://www.dubizzle.com.eg//en/ad/2024-mercedes-benz-e300e-amg-4matic-alpine-grey-x-black-ID201096189.html
ستروين C5,"EGP 675,000",C:\Users\10\Documents\Python Scripts/allimag/image11.jpg,"ستروين C5 موديل 2015 
تحكم طاره. مثبت ومحدد سرعه كمبيوتر رحلات مرايات ضم تعتيم كهرباء 
جميع وسائل الآمان وانظمه السلامه 
افضل اداء وعزم وثبات فى السرعات العاليه 
ماشيه 175 ألف وتم عمل جميع الصيانات اللازمه. ولا تحتاج لاى صيانه بدهان المصنع بالكامل من الداخل فبريكا. مدهونه فقط حزام للشكل الخارجي الجمالى نتيجه الخدوش البسيطه المعاينه اكتوبر. رخصه ساريه السعر 675 ألف بضمان الشركه العربيه والاستلام فورى
",https://www.dubizzle.com.eg//en/ad/%D8%B3%D8%AA%D8%B1%D9%88%D9%8A%D9%86-c5-ID201086103.html
بيجو ٥٠٨,"EGP 675,000",C:\Users\10\Documents\Python Scripts/allimag/image12.jpg,"بيجو 508 اعلى فئه بصمه 
السياره الأولى فى الفخامه ومتعه القياده 
وجميع الكماليات وجميع وسائل الأمان وانظمه السلامه. موديل 2013. 
كراسى جلد طبيعى كهرباء. تحكم طاره. فوانيس زينون. مرايات ضم تعتيم 
طقم كاوتش ميشلان. جميع الصيانات الدوريه فى مواعيدها بكل اهتمام وعنايه وتم عمل آخر صيانه ولا تحتاج لاى مصاريف ماشيه 154 ألف كم طرق مفتوحه. بدهان المصنع بالكامل من الداخل. فبريكا دواخل مدهونه من الخارج حزام فقط للشكل الخارجي الجمالى المعاينه اكتوبر مرور المعادى رخصه ساريه السعر 675 ألف بضمان الشركه العربيه والاستلام فورى
",https://www.dubizzle.com.eg//en/ad/%D8%A8%D9%8A%D8%AC%D9%88-%D9%A5%D9%A0%D9%A8-ID201086026.html
دايو نوبيرا اوتوماتيك ٢,"EGP 290,000",C:\Users\10\Documents\Python Scripts/allimag/image13.jpg,"دايو نوبيرا اوتوماتيك ٢
",https://www.dubizzle.com.eg//en/ad/%D8%AF%D8%A7%D9%8A%D9%88-%D9%86%D9%88%D8%A8%D9%8A%D8%B1%D8%A7-%D8%A7%D9%88%D8%AA%D9%88%D9%85%D8%A7%D8%AA%D9%8A%D9%83-%D9%A2-ID201085864.html
X5 2016 New profile,"EGP 3,100,000",C:\Users\10\Documents\Python Scripts/allimag/image14.jpg,"X5 2016 New profile 
جميع الصيانات في التوكيل بالفواتير 
يمكن الكشف في التوكيل 
رخصه سنه ونص
مرور مدينة نصر 
٤ فرد كاوتش جديد 
لا تحتاج اي مصاريف
بروتيكشن كامل بلون السيارة لون مميز
فبركة بالكامل
",https://www.dubizzle.com.eg//en/ad/x5-2016-new-profile-ID201085686.html
كيا كارينز 2015,"EGP 890,000",C:\Users\10\Documents\Python Scripts/allimag/image15.jpg,"العربيه بحاله ممتازه جدا يمكن البيع او البدل باعلى موديل 2015 ملحوظه السعر النهائي كانت معروضه 950 ولما الاسعار نزلت عرضنا ب 890 الاخر العربيه بتاعتي شخصيه تكييف شغال كويس جدا موتور تمام الفتيس تمام موديل 2015 فيها رخصه ثلاث سنين 
01023245830 من فضلكم احضار فني لعدم ضيع الوقت
",https://www.dubizzle.com.eg//en/ad/%D9%83%D9%8A%D8%A7-%D9%83%D8%A7%D8%B1%D9%8A%D9%86%D8%B2-2015-ID201075878.html
توسان  بحاله الزيروو 2020,"EGP 1,350,000",C:\Users\10\Documents\Python Scripts/allimag/image16.jpg,"هيونداي توسان 2020 كسر زيرو بدون خدش 
الفئه التانيه  وفرش جلد  
مثبت ومحدد 
كاميرا 360  
تكييف خلفي 

عداد 85الف 
السعر مليون 350
رخصه سنه 


سيارة فابريكا كلها برا و جوا 

الفئة الثانية ( مرايات ضم + تحكن طارة + شاشة ٩ + كاميرا + سينسور + ٢ ايرباج + تكييف خلفي + مثبت شرعس )

كماليات اضافية (طارة خياطة  + فرش جلد جديد +امبيت لايت + لمض ليد عالي و واطي و شبورة+ دواسات )  الكفرات جديدة  استخدام اسبوع فقط 


للتواصل : ‭٠ ١٠٠ ١٥٠٠٨٤٣‬
",https://www.dubizzle.com.eg//en/ad/%D8%AA%D9%88%D8%B3%D8%A7%D9%86-%D8%A8%D8%AD%D8%A7%D9%84%D9%87-%D8%A7%D9%84%D8%B2%D9%8A%D8%B1%D9%88%D9%88-2020-ID201075860.html
c180 2023 وكيل,"EGP 3,680,000",C:\Users\10\Documents\Python Scripts/allimag/image17.jpg,"c180 2023 grey 
camel interior 
zeroooooo وكيل
",https://www.dubizzle.com.eg//en/ad/c180-2023-%D9%88%D9%83%D9%8A%D9%84-ID201075858.html
للبيع بيجو  508 gt line  2020,"EGP 1,550,000",C:\Users\10\Documents\Python Scripts/allimag/image18.jpg,"من فضلك اقراء تفاصيل الاعلان كويس 
للبيع بيجو 508 gt موديل 2020 
عداد 59 الف …. فابريكا بالكامل … صيانات توكيل بالكامل …. صيانة ٦٠ الف معموله امبارح فى التوكيل 
كاوتش جديد وتيل امامى وخلفى جديد متركب امبارح 
ضمان ممتد الى 2025 او 150 الف كيلوا 
مش محتاجه جنيه مصروف … متاح الكشف فى اى مكان …. التواصل على الفون فقط 
01284533086
",https://www.dubizzle.com.eg//en/ad/%D9%84%D9%84%D8%A8%D9%8A%D8%B9-%D8%A8%D9%8A%D8%AC%D9%88-508-gt-line-2020-ID201075730.html
للبيع نيسان قشقاي,"EGP 930,000",C:\Users\10\Documents\Python Scripts/allimag/image19.jpg,"نيسان قشقاي ٢٠١٨ 
عداد ١٢٦ الف كم- سقف بانوراما
صيانات دوريه في توكيل نيسان اوتو ايجيبت . . الفواتير كلها موجودة . 
تغيير  ٤ كاوتش "" بيرلي"" جديد في التوكيل . . في صيانه ١٢٠ الف . . شهر ٩ - ٢٠٢٣
السيارة لا تحتاج اي مصاريف 
رخصة حتي ٢٠٢٥/١٠ باسم المالك - مرور العتبة
السعر ٩٣٠ الف . . . قابل للتفاوض البسيط بعد المعاينة
المعاينة المهندسين -شارع احمد عرابي 
لاي استفسارات اخري او المعاينة ت :  ٠١١٤٦٤٠٠٠٦٣
",https://www.dubizzle.com.eg//en/ad/%D9%84%D9%84%D8%A8%D9%8A%D8%B9-%D9%86%D9%8A%D8%B3%D8%A7%D9%86-%D9%82%D8%B4%D9%82%D8%A7%D9%8A-ID201075498.html
ڤولكس ڤاجن جيتا ٢٠١٦,"EGP 660,000",C:\Users\10\Documents\Python Scripts/allimag/image20.jpg,"ڤولكس ڤاجن چيتا ٢٠١٦ فبريكا جارجي وداخلي حاله فوق الممتاز 
معاقين 
ماتيك
شاشه اندرويد 
مثبت سرعه جنوط سبور
مرايات كهرباء
زجاج كهرباء
",https://www.dubizzle.com.eg//en/ad/%DA%A4%D9%88%D9%84%D9%83%D8%B3-%DA%A4%D8%A7%D8%AC%D9%86-%D8%AC%D9%8A%D8%AA%D8%A7-%D9%A2%D9%A0%D9%A1%D9%A6-ID201075212.html
حاله نادره جنوط شاشه اندرويد,"EGP 375,000",C:\Users\10\Documents\Python Scripts/allimag/image21.jpg,"بيجو 307 موديل 2008
حاله ممتازه جنوط شاشه أندرويد
العربيه صيانتها بالكامل عاملها مش محتاجه أي شئ
ماتور ممتاز مثبت علي الرخصه
قابل للتفاوض ند الجديه  التجار يمتنعون منعا للإحراج
التفاصيل علي التليفون فقط 
لايوجد أي مصاريف سواً بعض تليقطات في الأكصدامات 
01028668667
",https://www.dubizzle.com.eg//en/ad/%D8%AD%D8%A7%D9%84%D9%87-%D9%86%D8%A7%D8%AF%D8%B1%D9%87-%D8%AC%D9%86%D9%88%D8%B7-%D8%B4%D8%A7%D8%B4%D9%87-%D8%A7%D9%86%D8%AF%D8%B1%D9%88%D9%8A%D8%AF-ID201074411.html
فولكس واجن تيجوان ٢٠٢٣ ممشي ٣الاف كم فقط,"EGP 1,990,000",C:\Users\10\Documents\Python Scripts/allimag/image22.jpg,"فولكس واجن تيجوان ٢٠٢٣ ممشي ٣الاف كم فقط
لايف خليجي بانوراما وفتحة سقف 
١،٤ سي سي تربو ازرق داكن
تواصل واتس
",https://www.dubizzle.com.eg//en/ad/%D9%81%D9%88%D9%84%D9%83%D8%B3-%D9%88%D8%A7%D8%AC%D9%86-%D8%AA%D9%8A%D8%AC%D9%88%D8%A7%D9%86-%D9%A2%D9%A0%D9%A2%D9%A3-%D9%85%D9%85%D8%B4%D9%8A-%D9%A3%D8%A7%D9%84%D8%A7%D9%81-%D9%83%D9%85-%D9%81%D9%82%D8%B7-ID201065797.html
للبيع Nissan Sunny ٢٠٢٠,"EGP 550,000",C:\Users\10\Documents\Python Scripts/allimag/image23.jpg,"Nissan Sunny 2020للبيع
",https://www.dubizzle.com.eg//en/ad/%D9%84%D9%84%D8%A8%D9%8A%D8%B9-nissan-sunny-%D9%A2%D9%A0%D9%A2%D9%A0-ID201065076.html
تويوتا كورولا ٢٠٢٤ وارد الامارات فئة ثالثة زيروو,"EGP 1,380,000",C:\Users\10\Documents\Python Scripts/allimag/image24.jpg,"تويوتا كورولا ٢٠٢٤ زيروو
وارد الامارات 
فئة ثالثة
بلد التصنيع / تركيا
چنوط سبور
مفتاح ذكى / بصمة باب خارجى
حساس خلفى و أمامى
عداد ديچيتال
start engine
للمعاينة / مدينة نصر
01100612208
",https://www.dubizzle.com.eg//en/ad/%D8%AA%D9%88%D9%8A%D9%88%D8%AA%D8%A7-%D9%83%D9%88%D8%B1%D9%88%D9%84%D8%A7-%D9%A2%D9%A0%D9%A2%D9%A4-%D9%88%D8%A7%D8%B1%D8%AF-%D8%A7%D9%84%D8%A7%D9%85%D8%A7%D8%B1%D8%A7%D8%AA-%D9%81%D8%A6%D8%A9-%D8%AB%D8%A7%D9%84%D8%AB%D8%A9-%D8%B2%D9%8A%D8%B1%D9%88%D9%88-ID201065038.html
c 180 2019 Aventgarde,"EGP 2,500,000",C:\Users\10\Documents\Python Scripts/allimag/image25.jpg,"من المالك مباشره  
c 180 فيس ليفت 
Aventgarde 
فيلم حمايه protect me 
فتحه سقف + بانوراما 
 ٩٣،٠٠٠ كم 
فبيركه
صيانات توكيل 
كاوش جديد
اسود× اسود 
 مساعدين جداد فى التوكيل
",https://www.dubizzle.com.eg//en/ad/c-180-2019-aventgarde-ID201064647.html
عروض المتحدة جروب || صورة البطاقة - أقل مقدم [ام جي RX5 2024  ],"EGP 415,000",C:\Users\10\Documents\Python Scripts/allimag/image26.jpg,"⁂ أفضل عروض التقسيط من المتحدة جروب [ المنصورة ] :
 # مقدم السيارة : 415,000 جنيه    
• جميع الفئات 
• جميع الألوان 
• كاش بأميز الأسعار 
• أسرع موافقة بنكية خلال (24) ساعة بصورة البطاقة الشخصية
• تقسيط بنكي بأفضل التسهيلات وأسرع التسليمات
• أطول فترة سداد تصل حتى 8 سنوات
• عروض بدون استعلام
• عروض بدون حظر بيع
• عروض بدون تأمين
• عروض بأقل مقدم في مصر
• عروض بدون مصاريف إدارية
• عروض خاصة للأطباء و أساتذة الجامعات
•  عروض خاصة لضباط الجيش والشرطة 
• برامج تقسيط لأصحاب السجلات التجارية 
• برامج تقسيط لموظفي القطاع العام والخاص 
• برامج تقسيط لربات المنازل
• برامج تقسيط خاصة لو كنت بدون عمل 
••••••••••••••••••••••••••••••••••••••••••••••••• 
 للإستفسار | يرجى التواصل مباشرة على الأرقام التالية :
01029111143  - 01014941111 
01021111329  - 01013581111  

0502302119  
•••••••••••••••••••••••••••••••••••••••••••••••••
يسعدنا زيارتكم لمقر الشركة على العنوان التالي :
المنصورة : 
توريل - ش سعد زغلول - بجوار ڤيلا المحافظ - مقابل الأمن الوطني
•••••••••••••••••••••••••••••••••••••••••••••••••
يمكنكم متابعتنا على الفيسبوك : المتحدة جروب للسيارات
",https://www.dubizzle.com.eg//en/ad/%D8%B9%D8%B1%D9%88%D8%B6-%D8%A7%D9%84%D9%85%D8%AA%D8%AD%D8%AF%D8%A9-%D8%AC%D8%B1%D9%88%D8%A8-%D8%B5%D9%88%D8%B1%D8%A9-%D8%A7%D9%84%D8%A8%D8%B7%D8%A7%D9%82%D8%A9-%D8%A3%D9%82%D9%84-%D9%85%D9%82%D8%AF%D9%85-%D8%A7%D9%85-%D8%AC%D9%8A-rx5-2024-ID201054818.html
BMW X2 - 2019 model,"EGP 1,500,000",C:\Users\10\Documents\Python Scripts/allimag/image27.jpg,"BMW X2 in very good condition for sale
",https://www.dubizzle.com.eg//en/ad/bmw-x2-2019-model-ID201053782.html
عروض المتحدة جروب || صورة البطاقة - أقل مقدم [ سوزوكي ديزاير 2024 ],"EGP 200,000",C:\Users\10\Documents\Python Scripts/allimag/image28.jpg,"⁂ أفضل عروض التقسيط من المتحدة جروب [ المنصورة ] :
 # مقدم السيارة : 200,000 جنيه    
• جميع الفئات 
• جميع الألوان 
• كاش بأميز الأسعار 
• أسرع موافقة بنكية خلال (24) ساعة بصورة البطاقة الشخصية
• تقسيط بنكي بأفضل التسهيلات وأسرع التسليمات
• أطول فترة سداد تصل حتى 8 سنوات
• عروض بدون استعلام
• عروض بدون حظر بيع
• عروض بدون تأمين
• عروض بأقل مقدم في مصر
• عروض بدون مصاريف إدارية
• عروض خاصة للأطباء و أساتذة الجامعات
•  عروض خاصة لضباط الجيش والشرطة 
• برامج تقسيط لأصحاب السجلات التجارية 
• برامج تقسيط لموظفي القطاع العام والخاص 
• برامج تقسيط لربات المنازل
• برامج تقسيط خاصة لو كنت بدون عمل 
••••••••••••••••••••••••••••••••••••••••••••••••• 
 للإستفسار | يرجى التواصل مباشرة على الأرقام التالية :
01029111143  - 01014941111 
01021111329  - 01013581111  

0502302119  
•••••••••••••••••••••••••••••••••••••••••••••••••
يسعدنا زيارتكم لمقر الشركة على العنوان التالي :
المنصورة : 
توريل - ش سعد زغلول - بجوار ڤيلا المحافظ - مقابل الأمن الوطني
•••••••••••••••••••••••••••••••••••••••••••••••••
يمكنكم متابعتنا على الفيسبوك : المتحدة جروب للسيارات
",https://www.dubizzle.com.eg//en/ad/%D8%B9%D8%B1%D9%88%D8%B6-%D8%A7%D9%84%D9%85%D8%AA%D8%AD%D8%AF%D8%A9-%D8%AC%D8%B1%D9%88%D8%A8-%D8%B5%D9%88%D8%B1%D8%A9-%D8%A7%D9%84%D8%A8%D8%B7%D8%A7%D9%82%D8%A9-%D8%A3%D9%82%D9%84-%D9%85%D9%82%D8%AF%D9%85-%D8%B3%D9%88%D8%B2%D9%88%D9%83%D9%8A-%D8%AF%D9%8A%D8%B2%D8%A7%D9%8A%D8%B1-2024-ID201053699.html
عروض المتحدة جروب || صورة البطاقة - أقل مقدم [شيفروليه اوبترا 2024],"EGP 200,000",C:\Users\10\Documents\Python Scripts/allimag/image29.jpg,"أفضل عروض التقسيط من المتحدة جروب [ المنصورة ] :
 # مقدم السيارة : 200,000 جنيه    
• جميع الفئات 
• جميع الألوان 
• كاش بأميز الأسعار 
• أسرع موافقة بنكية خلال (24) ساعة بصورة البطاقة الشخصية
• تقسيط بنكي بأفضل التسهيلات وأسرع التسليمات
• أطول فترة سداد تصل حتى 8 سنوات
• عروض بدون استعلام
• عروض بدون حظر بيع
• عروض بدون تأمين
• عروض بأقل مقدم في مصر
• عروض بدون مصاريف إدارية
• عروض خاصة للأطباء و أساتذة الجامعات
•  عروض خاصة لضباط الجيش والشرطة 
• برامج تقسيط لأصحاب السجلات التجارية 
• برامج تقسيط لموظفي القطاع العام والخاص 
• برامج تقسيط لربات المنازل
• برامج تقسيط خاصة لو كنت بدون عمل 
••••••••••••••••••••••••••••••••••••••••••••••••• 
 للإستفسار | يرجى التواصل مباشرة على الأرقام التالية :
01029111143  - 01014941111 
01021111329  - 01013581111  

0502302119  
•••••••••••••••••••••••••••••••••••••••••••••••••
يسعدنا زيارتكم لمقر الشركة على العنوان التالي :
المنصورة : 
توريل - ش سعد زغلول - بجوار ڤيلا المحافظ - مقابل الأمن الوطني
•••••••••••••••••••••••••••••••••••••••••••••••••
يمكنكم متابعتنا على الفيسبوك : المتحدة جروب للسيارات
",https://www.dubizzle.com.eg//en/ad/%D8%B9%D8%B1%D9%88%D8%B6-%D8%A7%D9%84%D9%85%D8%AA%D8%AD%D8%AF%D8%A9-%D8%AC%D8%B1%D9%88%D8%A8-%D8%B5%D9%88%D8%B1%D8%A9-%D8%A7%D9%84%D8%A8%D8%B7%D8%A7%D9%82%D8%A9-%D8%A3%D9%82%D9%84-%D9%85%D9%82%D8%AF%D9%85-%D8%B4%D9%8A%D9%81%D8%B1%D9%88%D9%84%D9%8A%D9%87-%D8%A7%D9%88%D8%A8%D8%AA%D8%B1%D8%A7-2024-ID201053620.html
اودي A3 موديل ٢٠١٥ صيانات توكيل,"EGP 1,100,000",C:\Users\10\Documents\Python Scripts/allimag/image30.jpg,"حاله ممتازه صيانات توكيل لا تحتاج لاي مصروف رشه رفرف واكصدام
",https://www.dubizzle.com.eg//en/ad/%D8%A7%D9%88%D8%AF%D9%8A-a3-%D9%85%D9%88%D8%AF%D9%8A%D9%84-%D9%A2%D9%A0%D9%A1%D9%A5-%D8%B5%D9%8A%D8%A7%D9%86%D8%A7%D8%AA-%D8%AA%D9%88%D9%83%D9%8A%D9%84-ID201053532.html
المتحده جروب للسيارات: هافال جوليان 2024 جميع الالوان بصوره البطاقه,"EGP 360,000",C:\Users\10\Documents\Python Scripts/allimag/image31.jpg,"⁂ أفضل عروض التقسيط من المتحدة جروب [ المنصورة ] :
 # مقدم السيارة : 360,000 جنيه    
• جميع الفئات 
• جميع الألوان 
• كاش بأميز الأسعار 
• أسرع موافقة بنكية خلال (24) ساعة بصورة البطاقة الشخصية
• تقسيط بنكي بأفضل التسهيلات وأسرع التسليمات
• أطول فترة سداد تصل حتى 8 سنوات
• أقل فائدة في مصر 11 %
• عروض بدون استعلام
• عروض بدون حظر بيع
• عروض بدون تأمين
• عروض بأقل مقدم في مصر
• عروض بدون مصاريف إدارية
• عروض خاصة للأطباء و أساتذة الجامعات
•  عروض خاصة لضباط الجيش والشرطة 
• برامج تقسيط لأصحاب السجلات التجارية 
• برامج تقسيط لموظفي القطاع العام والخاص 
• برامج تقسيط لربات المنازل
• برامج تقسيط خاصة لو كنت بدون عمل 
••••••••••••••••••••••••••••••••••••••••••••••••• 
 للإستفسار | يرجى التواصل مباشرة على الأرقام التالية :
01029111143  - 01014941111 
01021111329  - 01013581111  

0502302119  
•••••••••••••••••••••••••••••••••••••••••••••••••
يسعدنا زيارتكم لمقر الشركة على العنوان التالي :
المنصورة : 
توريل - ش سعد زغلول - بجوار ڤيلا المحافظ - مقابل الأمن الوطني
•••••••••••••••••••••••••••••••••••••••••••••••••
يمكنكم متابعتنا على الفيسبوك : المتحدة جروب للسيارات
",https://www.dubizzle.com.eg//en/ad/%D8%A7%D9%84%D9%85%D8%AA%D8%AD%D8%AF%D9%87-%D8%AC%D8%B1%D9%88%D8%A8-%D9%84%D9%84%D8%B3%D9%8A%D8%A7%D8%B1%D8%A7%D8%AA-%D9%87%D8%A7%D9%81%D8%A7%D9%84-%D8%AC%D9%88%D9%84%D9%8A%D8%A7%D9%86-2024-%D8%AC%D9%85%D9%8A%D8%B9-%D8%A7%D9%84%D8%A7%D9%84%D9%88%D8%A7%D9%86-%D8%A8%D8%B5%D9%88%D8%B1%D9%87-%D8%A7%D9%84%D8%A8%D8%B7%D8%A7%D9%82%D9%87-ID201053415.html
بيجو ٣٠٧  sw,"EGP 420,000",C:\Users\10\Documents\Python Scripts/allimag/image32.jpg,"بيجو 307. Sw. أوتوماتيك اعلى فئه سقف بانورما. 
مثبت ومحدد سرعه كمبيوتر رحلات وأعطال جميع وسائل الامان والسلامه جميع الصيانات فى مواعيدها. وتم عمل جميع الصيانه الدوريه اللازمه. موديل 2007.  لا تحتاج لاى صيانه نهائياً 
بدهان المصنع بالكامل من الدآخل مدهونه من الخارج حزام للشكل الخارجي الجمالي رخصه سنه المعاينه اكتوبر السعر 420 الف بضمان الشركه العربيه والاستلام فورى
",https://www.dubizzle.com.eg//en/ad/%D8%A8%D9%8A%D8%AC%D9%88-%D9%A3%D9%A0%D9%A7-sw-ID201000213.html
C200 AMG - new condition 2022 model,"EGP 3,450,000",C:\Users\10\Documents\Python Scripts/allimag/image33.jpg,"Mercedes Benz C200 AMG
Model: 2022
29000 Km
All fabric
. . . . . . 
مرسيدس C200 AMGموديل 2022 ماشية 29 الف كيلو وارد المانيا لم ترخص في مصر فابريكا بالكامل بمواصفات :كاميرا خلفية، مساعد النقطة العمياء، 
 مساعد ركن نشط بما في ذلك باركترونيك، مساعد نشط للحفاظ على المسار، مساعد فرامل نشط، خيار التحميل السهل، وسادة هوائية مركزية، مستشعر مطر، نظام مكالمات ،  نظام مكالمات الطوارئ من مرسيدس بنز، ملاحة على القرص الصلب، وحدة (LTE) مرسيدس مي،فتحة سقف زجاجي ،أوتوماتيكي، مثبت السرعة، قمرة القيادة ذات شاشة عريضة، مساعد إشارات المرور، نظام الوسائط المتعددة MBUX، 537 راديو رقمي DAB، 580 تكييف الهواء، تبديل تلقائي للشعاع العالي، هيكل التحكم في الرشاقة، موديل عام 2022، شاشة عرض الوسائط، تدفئة المقعد الأمامي
حزمة الإضاءة الداخلية، إضاءة محيطة متميزة، وظيفة تشغيل KEYLESS-GO، تكامل الهاتف الذكي 14U، حزمة تخزين 30P، 33U Remote Services Plus، 355A وظائف متقدمة، شبكة ماسية، مصابيح أمامية LED عالية الأداء، مقاعد رياضية، B01 EQ مولد بداية التعزيز، مفتاح B59 AGILITY SELECT، B63 Sportier
صوت المحرك، حزمة المساعدة D1F، حزمة الإضاءة D1L، حزمة ركن السيارة D1P، حزمة المعلومات والترفيه المتقدمة D2l، حزمة الراحة المتقدمة D2K، حزمة الأعمال DB2 plus، عناصر تقليم H50 بمظهر ماسي، رمادي فضي، عجلة قيادة رياضية متعددة الوظائف L5C مكسوة بجلد نابا، P29 AMG التصميم الداخلي، خط P31 AMG، حزمة ركن السيارة P44C، حزمة المرآة P49، حزمة راحة المقعد P65، حزمة PBG Comfort Connectivity، RSJ 18 بوصة AMG LMR بتصميم 5 أذرع، أسفل الظهر U22 بأربعة اتجاهات، لوحة عدادات U34 مصنوعة يدويًا من ARTICO جلد
ملحوظة : السياره فتحة سقف وليست بانوراما بدون كراسي ميموري وبدون شنطة كهرباء 
للتواصل 01111531532
01005150630
",https://www.dubizzle.com.eg//en/ad/c200-amg-new-condition-2022-model-ID200980214.html
هيونداي توسان زيررررو,"EGP 1,990,000",C:\Users\10\Documents\Python Scripts/allimag/image34.jpg,"هيونداي توسان زيررررو حرفيا 2022 ماشيه 8000كيلو ستائر خلفيه كراسي كهرباء اللون الأحمر الشيك بأكياس المصنع رخصة سنتين بسم الله ماشاء الله
",https://www.dubizzle.com.eg//en/ad/%D9%87%D9%8A%D9%88%D9%86%D8%AF%D8%A7%D9%8A-%D8%AA%D9%88%D8%B3%D8%A7%D9%86-%D8%B2%D9%8A%D8%B1%D8%B1%D8%B1%D8%B1%D9%88-ID200980023.html
#هونداي_فيرنا #سيارة_مستعملة #سيارة_ للبيع #مصر,"EGP 395,000",C:\Users\10\Documents\Python Scripts/allimag/image35.jpg,"سيارة هونداي فيرنا 2014 بحالة ممتازة
مُرخصة لسنتين قادمتين
رقم التواصل 01080189753
",https://www.dubizzle.com.eg//en/ad/%D9%87%D9%88%D9%86%D8%AF%D8%A7%D9%8A_%D9%81%D9%8A%D8%B1%D9%86%D8%A7-%D8%B3%D9%8A%D8%A7%D8%B1%D8%A9_%D9%85%D8%B3%D8%AA%D8%B9%D9%85%D9%84%D8%A9-%D8%B3%D9%8A%D8%A7%D8%B1%D8%A9_-%D9%84%D9%84%D8%A8%D9%8A%D8%B9-%D9%85%D8%B5%D8%B1-ID200968920.html
فولكس ارخص سعر في مصرVolkswagen ID 4 CROZZ PURE PLUS 2023,"EGP 1,750,000",C:\Users\10\Documents\Python Scripts/allimag/image36.jpg,"ID. 4 CROZZ PURE PLUS
2023
ELECTRIC
SUV
CLTC 600KM
Battery Energy (kWh) 84.8
USB Connectivity
Auto Hold
Electric Power Seat Driver
ISOFIX
Folding Mirror
Full Airbags
Cruise Control
Audio Control
Manual Child Lock
Seat Belt Warning
Bluetooth Connectivity
Rear Camera
Panoramic
Daytime Running Lights
Alloy Wheel
Tire Pressure
LED
Front Parking Sensor
Rear Parking Sensor

check our showroom to find your dream car. 

:  01285438255 :01221057752 : for more information : 01280014428

City Motors Car Dealership

اسعار خاصه لعملاء الكاش 

نتشرف بزيراتكم فى معرض City Motors
   

العنوان      : محور حسب الله الكفراوي المعادي امام نادي معادي جاردينز 

مواعيد العمل : من الساعه 12 مساء حتي 12 صباحا جميع ايام الاسبوع
",https://www.dubizzle.com.eg//en/ad/%D9%81%D9%88%D9%84%D9%83%D8%B3-%D8%A7%D8%B1%D8%AE%D8%B5-%D8%B3%D8%B9%D8%B1-%D9%81%D9%8A-%D9%85%D8%B5%D8%B1volkswagen-id-4-crozz-pure-plus-2023-ID200833807.html
Volkswagen T-Roc R Line 2024,"EGP 1,850,000",C:\Users\10\Documents\Python Scripts/allimag/image37.jpg,"فولكس فاجن T-Roc R Lineموديل 2024 زيرو- 4 ايرباج-چنوط ١٧ سبور-تكييف ديچيتال 3 زون امامي-تكييف خلفي-بصمة-باور-سنتر لوك-ريموت كنترول-4 زجاج كهرباء-وحدة لرفع الزجاج-الطارة من الجلد-تحكم طارة- بانوراما-مرايات ظبط كهرباء-مرايات ضم-اشارات في المرايات-سخانات في المرايات-مرآة تعتيم داخلية-مصابيح LED امامية وخلفية-اضاءات نهرية LED-فوج لايت امامي وخلفي-شاشة تاتش-عرض الهاتف على الشاشة-كاميرا خلفية-تشغيل وايقاف السيارة بدون مفتاح-ناقل حركة 8 سرعات-ABS-EBD-ESP-ASR-ESC-زجاج فاميه-حساس امامي وخلفي-حساس اضاءة-حساس امطار-8سماعات-نظام لاعادة تدوير الهواء-نظام لمراقبة ضغط الاطارات-نظام للمساعدة في المرتفعات والمنحضارات-تثبيت مقاعد لاطفال-شاشة عداد ديچيتال
********
يوجد لدينا جميع أنظمة التقسيط بمقدم يبدأ من ١٠٪؜وأطول فترة سداد تصل إلى ٧سنوات
*******
للأستفسار إتصل على الأرقام التالية:
 01023652770
01556884205
01097949330
 02/22180039
*****
-مستنينكم في معرضنا: 
٨٦ ش فريد سميكة، قسم النزهة، محافظة القاهرة
*******
مواعيد العمل الرسمية طوال أيام الإسبوع من الساعة ١٢ ظهراً إلى ١٢ مساءً. . ⏱
",https://www.dubizzle.com.eg//en/ad/volkswagen-t-roc-r-line-2024-ID200775443.html
جيتور X70 كسر زيرو Luxury تامين شامل,"EGP 1,150,000",C:\Users\10\Documents\Python Scripts/allimag/image38.jpg,"سيارة رائعة فابريكة بحالة ممتازة - انا طبيب بشري و البيع بغرض السفر - بها خدوش بسيطة عند الشنطة و المراية اليمين - و السيارة داخل التامين الشامل تقدر تعمل اللي تحبه براحتك علي حساب التأمين
",https://www.dubizzle.com.eg//en/ad/%D8%AC%D9%8A%D8%AA%D9%88%D8%B1-x70-%D9%83%D8%B3%D8%B1-%D8%B2%D9%8A%D8%B1%D9%88-luxury-%D8%AA%D8%A7%D9%85%D9%8A%D9%86-%D8%B4%D8%A7%D9%85%D9%84-ID200681168.html
Mercedes Benz GLK 350 AMG 2013,"EGP 1,850,000",C:\Users\10\Documents\Python Scripts/allimag/image39.jpg,"مرسيدس GLK 350 AMG موديل 2013 صيانات توكيل عداد 200 الف كم- 6 سلندر-موتور 3500 سي سي تيربو-چنوط ١٩ سبور-٨ ايرباج-تكييف تاتش-شيفتات طارة-طارة من الجلد-طارة مالتي- كراسي جلد كهرباء ميمورى -مثبت سرعة-زجاج كهرباء-زجاج فاميه-مرايات كهرباء-اشارات في المرايات-مرايات تعتيم-شاشة وماوس للتحكم-فتحة سقف بانوراما - سنسور بارك 360-كاميرا خلفيه 
 ليدات امامية وخلفية- فوانيس زينون - بخاخات فوانيس - مرقبة ضغط الاطارات- بلوتوث-AUX-حامل اكواب
********
يوجد لدينا جميع أنظمة التقسيط بمقدم يبدأ من ٣٠٪؜وأطول فترة سداد تصل إلى ٧سنوات
*******
للأستفسار إتصل على الأرقام التالية:
 01023652770
01556884205
01097949330
 02/22180039
*****
-مستنينكم في معرضنا: 
٨٦ ش فريد سميكة، قسم النزهة، محافظة القاهرة
*******
مواعيد العمل الرسمية طوال أيام الإسبوع من الساعة ١٢ ظهراً إلى ١٢ مساءً. . ⏱
",https://www.dubizzle.com.eg//en/ad/mercedes-benz-glk-350-amg-2013-ID200599526.html
Volvo xc90 T6 inscription plus 2020  ڤولڤو موديل ٢٠٢٠ حالة ممتازة,"EGP 3,850,000",C:\Users\10\Documents\Python Scripts/allimag/image40.jpg,"بحالة ممتازة اعلى فئة ڤولڤو x90  موديل ٢٠٢٠ 
٦٥ الف كم فابريكة بالكامل
جميع الكماليات
",https://www.dubizzle.com.eg//en/ad/volvo-xc90-t6-inscription-plus-2020-%DA%A4%D9%88%D9%84%DA%A4%D9%88-%D9%85%D9%88%D8%AF%D9%8A%D9%84-%D9%A2%D9%A0%D9%A2%D9%A0-%D8%AD%D8%A7%D9%84%D8%A9-%D9%85%D9%85%D8%AA%D8%A7%D8%B2%D8%A9-ID200575956.html
مرسيدس ٢٣٠,"EGP 240,000",C:\Users\10\Documents\Python Scripts/allimag/image41.jpg,"مرسيدس 230. أوتوماتيك بدهان المصنع بالكامل من الداخل. فبريكا بالكامل مدهونه من الخارج بعض الاجزاء فقط للشكل الخارجي الجمالي . تكيف رائع صالون وكراسي جلد طبيعى زيرو  
اول مالك استخدام راقى جدا. تم عمل جميع الصيانات ولا تحتاج لاى صيانه موديل 80 ماشيه 350 آلف المعاينه اكتوبر والسعر ٢٤٠ الف
",https://www.dubizzle.com.eg//en/ad/%D9%85%D8%B1%D8%B3%D9%8A%D8%AF%D8%B3-%D9%A2%D9%A3%D9%A0-ID200560693.html
ستروين سى الزيه,"EGP 620,000",C:\Users\10\Documents\Python Scripts/allimag/image42.jpg,"فرصة لا تعوض سي الزيه موديل ٢٢ ماشيه ٢٠  الف كيلو. كراسي جلد طبيعي  شاشة أندرويد ١١ بوصة آخر اصدار تدعم جميع الاوبشن رخصة سنة السعر    ٦٢٠الف المعاينة اكتوبر 
وفر فلوس الزيرو .
",https://www.dubizzle.com.eg//en/ad/%D8%B3%D8%AA%D8%B1%D9%88%D9%8A%D9%86-%D8%B3%D9%89-%D8%A7%D9%84%D8%B2%D9%8A%D9%87-ID200550039.html
Mercedes cla 200 night package fully loaded,"EGP 3,100,000",C:\Users\10\Documents\Python Scripts/allimag/image43.jpg,"Mercedes cla 200 fully loaded 
العربيه كامله اعلى فئه
السعر نهائى لسرعه البيع و الاتصال للجادين فقط و المعاينه بالرحاب
",https://www.dubizzle.com.eg//en/ad/mercedes-cla-200-night-package-fully-loaded-ID200493917.html
Mercedes Benz GLC300 2021 AMG,"EGP 3,450,000",C:\Users\10\Documents\Python Scripts/allimag/image44.jpg,"مرسيدس Glc 300  موديل 2021 Amg عداد 70 الف كم صيانات توكيل -ليدات اماميه - وليدات وخلفيه - كاميرا 360  - كراسي ميموري - حساس فتح الشنطه بالرجل - زينون ‏- شبكة AMG‏- جنوط 20 AMG 2inch -حساسات  - عتب سبور - فتحة سقف - فاميه ‏- 2شكمان خلفي سبور amg ‏- كراسي جلد‏ -كراسي كهرباء‏ - سخانات كراسي‏- ماوس تاتش‏ -  -شنطه كهرباء‏ - تكييف خلفي‏ - وحدة رفع وفتح ‏- gbs‏ -usb - aux - cd ‏- وضعيات قياده. مختلفه‏ abs - ebd -  airbags -
**********
يوجد لدينا جميع أنظمة التقسيط بمقدم يبدأ من ٣٠٪؜وأطول فترة سداد تصل إلى ٧سنوات
*********
للأستفسار إتصل على الأرقام التالية:
01023652770
01556884205
01097949330
 02/22180039
********
-مستنينكم في معرضنا: 
٨٦ ش فريد سميكة، قسم النزهة، محافظة القاهرة
*********
مواعيد العمل الرسمية طوال أيام الإسبوع من الساعة ١٢ ظهراً إلى ١١ مساءً. . ⏱
",https://www.dubizzle.com.eg//en/ad/mercedes-benz-glc300-2021-amg-ID200396072.html
2024 Bmw X5 M60i,"EGP 8,400,000",C:\Users\10\Documents\Python Scripts/allimag/image45.jpg,"2024 Bmw X5 M60i
1,500 km
Carbon Black x Brown interior
1 year license
Full body protection from Protect Me
",https://www.dubizzle.com.eg//en/ad/2024-bmw-x5-m60i-ID200277324.html
RANGE ROVER EVOQUE SE P300e,"EGP 4,500,000",C:\Users\10\Documents\Python Scripts/allimag/image46.jpg,"RANGE ROVER EVOQUE  SE P300e 2023
R Dynamic 
Engine capacity: 1500 CC 
8-speed automatic transmission
Horse power: 300
Color: Dark Gray
Rims: 20” INCH
Interior trim: Black Lather 
180° camera
360° Sensor
Panorama sliding roof
Ambient Light 
Matrix LED 
Memory Package seats
Attention assist
Meridian Sound System
Brake assist
Blind spot assist
Distance assist
Electric trunk
Keyless go
Traffic sign assist
DSR
ESP

https://www. instagram. com/oneofone. egypt/
https://maps. app. goo. gl/G8JCeAegUXdSSj3c8
#one_of_one
01115111460
01066111191
",https://www.dubizzle.com.eg//en/ad/range-rover-evoque-se-p300e-ID199346332.html
"كشاف f30 أمامي يمين 
اصلي يتاع العربية","EGP 3,000",C:\Users\10\Documents\Python Scripts/allimag/image47.jpg,"كشاف f30 أمامي يمين 
اصلي يتاع العربية
",https://www.dubizzle.com.eg//en/ad/%D9%83%D8%B4%D8%A7%D9%81-f30-%D8%A3%D9%85%D8%A7%D9%85%D9%8A-%D9%8A%D9%85%D9%8A%D9%86-%D8%A7%D8%B5%D9%84%D9%8A-%D9%8A%D8%AA%D8%A7%D8%B9-%D8%A7%D9%84%D8%B9%D8%B1%D8%A8%D9%8A%D8%A9-ID201096856.html
عربيه تفلون كوري التفصيل كلمني 01208227378 المعينه الوراق رخيصة سنتين,"EGP 9,000",C:\Users\10\Documents\Python Scripts/allimag/image48.jpg,"عربيه تفلون كوري بحاله جيده مش محتاجه حاجه
",https://www.dubizzle.com.eg//en/ad/%D8%B9%D8%B1%D8%A8%D9%8A%D9%87-%D8%AA%D9%81%D9%84%D9%88%D9%86-%D9%83%D9%88%D8%B1%D9%8A-%D8%A7%D9%84%D8%AA%D9%81%D8%B5%D9%8A%D9%84-%D9%83%D9%84%D9%85%D9%86%D9%8A-01208227378-%D8%A7%D9%84%D9%85%D8%B9%D9%8A%D9%86%D9%87-%D8%A7%D9%84%D9%88%D8%B1%D8%A7%D9%82-%D8%B1%D8%AE%D9%8A%D8%B5%D8%A9-%D8%B3%D9%86%D8%AA%D9%8A%D9%86-ID201096834.html
maserati ghibli,"EGP 5,500,000",C:\Users\10\Documents\Python Scripts/allimag/image49.jpg,"2018 maserati ghibli 
3000cc 
v6 
twin turbo 
350 hp
37,000 km
",https://www.dubizzle.com.eg//en/ad/maserati-ghibli-ID201096790.html
